Datetime,Water Level (m)
2025-07-15 12:00:00,0.17739482
2025-07-15 13:00:00,-0.54716367
2025-07-15 14:00:00,-1.1947547
2025-07-15 15:00:00,-1.4555553
2025-07-15 16:00:00,-1.1112034
2025-07-15 17:00:00,-0.37234062
2025-07-15 18:00:00,0.48286825
2025-07-15 19:00:00,1.2365748
2025-07-15 20:00:00,1.801709
2025-07-15 21:00:00,1.9895827
2025-07-15 22:00:00,1.668163
2025-07-15 23:00:00,1.1350231
2025-07-16 00:00:00,0.42151788
2025-07-16 01:00:00,-0.2722631
2025-07-16 02:00:00,-0.88209534
2025-07-16 03:00:00,-1.2142174
2025-07-16 04:00:00,-0.9669717
2025-07-16 05:00:00,-0.2658417
2025-07-16 06:00:00,0.5355389
2025-07-16 07:00:00,1.3125492
2025-07-16 08:00:00,1.9176565
2025-07-16 09:00:00,2.2082057
2025-07-16 10:00:00,1.9818225
2025-07-16 11:00:00,1.4724209
2025-07-16 12:00:00,0.7374182
2025-07-16 13:00:00,-0.050224308
2025-07-16 14:00:00,-0.80384934
2025-07-16 15:00:00,-1.368432
2025-07-16 16:00:00,-1.4695727
2025-07-16 17:00:00,-0.91316265
2025-07-16 18:00:00,-0.15018797
2025-07-16 19:00:00,0.67201936
2025-07-16 20:00:00,1.3617324
2025-07-16 21:00:00,1.8533695
2025-07-16 22:00:00,1.9200066
2025-07-16 23:00:00,1.5704252
2025-07-17 00:00:00,1.0672898
2025-07-17 01:00:00,0.40721503
2025-07-17 02:00:00,-0.25391966
2025-07-17 03:00:00,-0.82237697
2025-07-17 04:00:00,-1.1068074
2025-07-17 05:00:00,-0.8216897
2025-07-17 06:00:00,-0.15901496
2025-07-17 07:00:00,0.5878412
2025-07-17 08:00:00,1.2862837
2025-07-17 09:00:00,1.8127211
2025-07-17 10:00:00,2.0034263
2025-07-17 11:00:00,1.6959611
2025-07-17 12:00:00,1.1873649
2025-07-17 13:00:00,0.49181548
2025-07-17 14:00:00,-0.20994143
2025-07-17 15:00:00,-0.8646768
2025-07-17 16:00:00,-1.3086777
2025-07-17 17:00:00,-1.2663089
2025-07-17 18:00:00,-0.6731489
2025-07-17 19:00:00,0.026160352
2025-07-17 20:00:00,0.73396724
2025-07-17 21:00:00,1.3626812
2025-07-17 22:00:00,1.8339497
2025-07-17 23:00:00,1.8629107
2025-07-18 00:00:00,1.5704658
2025-07-18 01:00:00,1.0997938
2025-07-18 02:00:00,0.47724256
2025-07-18 03:00:00,-0.170828
2025-07-18 04:00:00,-0.7150815
2025-07-18 05:00:00,-0.9682145
2025-07-18 06:00:00,-0.6956786
2025-07-18 07:00:00,-0.1168176
2025-07-18 08:00:00,0.5282397
2025-07-18 09:00:00,1.1388304
2025-07-18 10:00:00,1.583945
2025-07-18 11:00:00,1.7387787
2025-07-18 12:00:00,1.4638143
2025-07-18 13:00:00,1.0510377
2025-07-18 14:00:00,0.45836174
2025-07-18 15:00:00,-0.1640109
2025-07-18 16:00:00,-0.7570154
2025-07-18 17:00:00,-1.1607809
2025-07-18 18:00:00,-1.1476976
2025-07-18 19:00:00,-0.64152783
2025-07-18 20:00:00,0.02507698
2025-07-18 21:00:00,0.7453992
2025-07-18 22:00:00,1.379017
2025-07-18 23:00:00,1.8270984
2025-07-19 00:00:00,1.8707955
2025-07-19 01:00:00,1.60754
2025-07-19 02:00:00,1.1850387
2025-07-19 03:00:00,0.6329583
2025-07-19 04:00:00,0.053498726
2025-07-19 05:00:00,-0.45155805
2025-07-19 06:00:00,-0.72818667
2025-07-19 07:00:00,-0.6120454
2025-07-19 08:00:00,-0.19166256
2025-07-19 09:00:00,0.35143694
2025-07-19 10:00:00,0.91539073
2025-07-19 11:00:00,1.353802
2025-07-19 12:00:00,1.5681468
2025-07-19 13:00:00,1.4062251
2025-07-19 14:00:00,1.0574523
2025-07-19 15:00:00,0.54393834
2025-07-19 16:00:00,-0.03030706
2025-07-19 17:00:00,-0.5922395
2025-07-19 18:00:00,-1.0033804
2025-07-19 19:00:00,-1.0192552
2025-07-19 20:00:00,-0.59254575
2025-07-19 21:00:00,-0.018936334
2025-07-19 22:00:00,0.6478514
2025-07-19 23:00:00,1.2958727
2025-07-20 00:00:00,1.7896122
2025-07-20 01:00:00,1.9122843
2025-07-20 02:00:00,1.741728
2025-07-20 03:00:00,1.4044076
2025-07-20 04:00:00,0.8838021
2025-07-20 05:00:00,0.27360222
2025-07-20 06:00:00,-0.3069043
2025-07-20 07:00:00,-0.69253385
2025-07-20 08:00:00,-0.71518517
2025-07-20 09:00:00,-0.3899361
2025-07-20 10:00:00,0.063018456
2025-07-20 11:00:00,0.6068493
2025-07-20 12:00:00,1.0876105
2025-07-20 13:00:00,1.3910632
2025-07-20 14:00:00,1.3848099
2025-07-20 15:00:00,1.1298586
2025-07-20 16:00:00,0.7307595
2025-07-20 17:00:00,0.169624
2025-07-20 18:00:00,-0.40282148
2025-07-20 19:00:00,-0.85708743
2025-07-20 20:00:00,-0.9972909
2025-07-20 21:00:00,-0.6942629
2025-07-20 22:00:00,-0.16686063
2025-07-20 23:00:00,0.5087309
2025-07-21 00:00:00,1.2155541
2025-07-21 01:00:00,1.7688165
2025-07-21 02:00:00,2.0056446
2025-07-21 03:00:00,1.8959597
2025-07-21 04:00:00,1.5982549
2025-07-21 05:00:00,1.0677185
2025-07-21 06:00:00,0.4342319
2025-07-21 07:00:00,-0.2072999
2025-07-21 08:00:00,-0.70252067
2025-07-21 09:00:00,-0.86571664
2025-07-21 10:00:00,-0.6428039
2025-07-21 11:00:00,-0.18576218
2025-07-21 12:00:00,0.4090272
